-- MySQL dump 10.13  Distrib 8.1.0, for Linux (x86_64)
--
-- Host: localhost    Database: testdb
-- ------------------------------------------------------
-- Server version	8.1.0

/*!40101 SET @OLD_CHARACTER_SET_CLIENT=@@CHARACTER_SET_CLIENT */;
/*!40101 SET @OLD_CHARACTER_SET_RESULTS=@@CHARACTER_SET_RESULTS */;
/*!40101 SET @OLD_COLLATION_CONNECTION=@@COLLATION_CONNECTION */;
/*!50503 SET NAMES utf8mb4 */;
/*!40103 SET @OLD_TIME_ZONE=@@TIME_ZONE */;
/*!40103 SET TIME_ZONE='+00:00' */;
/*!40014 SET @OLD_UNIQUE_CHECKS=@@UNIQUE_CHECKS, UNIQUE_CHECKS=0 */;
/*!40014 SET @OLD_FOREIGN_KEY_CHECKS=@@FOREIGN_KEY_CHECKS, FOREIGN_KEY_CHECKS=0 */;
/*!40101 SET @OLD_SQL_MODE=@@SQL_MODE, SQL_MODE='NO_AUTO_VALUE_ON_ZERO' */;
/*!40111 SET @OLD_SQL_NOTES=@@SQL_NOTES, SQL_NOTES=0 */;

--
-- Table structure for table `NL_HOUSES`
--

DROP TABLE IF EXISTS `NL_HOUSES`;
/*!40101 SET @saved_cs_client     = @@character_set_client */;
/*!50503 SET character_set_client = utf8mb4 */;
CREATE TABLE `NL_HOUSES` (
  `ID_NL_HOUSES` int NOT NULL AUTO_INCREMENT,
  `NL_HOUSES_SHORT` varchar(25) NOT NULL,
  PRIMARY KEY (`ID_NL_HOUSES`) USING BTREE
) ENGINE=InnoDB AUTO_INCREMENT=6 DEFAULT CHARSET=utf8mb4 COLLATE=utf8mb4_0900_ai_ci;
/*!40101 SET character_set_client = @saved_cs_client */;

--
-- Dumping data for table `NL_HOUSES`
--

LOCK TABLES `NL_HOUSES` WRITE;
/*!40000 ALTER TABLE `NL_HOUSES` DISABLE KEYS */;
INSERT INTO `NL_HOUSES` VALUES (3,'–ö–æ—Ç—Ç–µ–¥–∂'),(4,'–í–∏–ª–ª–∞'),(5,'–û—Å–æ–±–Ω—è–∫');
/*!40000 ALTER TABLE `NL_HOUSES` ENABLE KEYS */;
UNLOCK TABLES;

--
-- Table structure for table `NL_LOG`
--

DROP TABLE IF EXISTS `NL_LOG`;
/*!40101 SET @saved_cs_client     = @@character_set_client */;
/*!50503 SET character_set_client = utf8mb4 */;
CREATE TABLE `NL_LOG` (
  `ID_NL_LOG` int NOT NULL AUTO_INCREMENT,
  `NL_LOG_DATE` date NOT NULL,
  `NL_LOG_TIME` time NOT NULL,
  `NL_LOG_IP` varchar(255) NOT NULL,
  `NL_LOG_IUD` varchar(255) NOT NULL,
  `NL_LOG_TABLE_NAME` varchar(255) NOT NULL,
  `ID_NL_USER` int NOT NULL,
  PRIMARY KEY (`ID_NL_LOG`) USING BTREE,
  KEY `ID_NL_USER` (`ID_NL_USER`) USING BTREE,
  CONSTRAINT `NL_LOG_IBFK_1` FOREIGN KEY (`ID_NL_USER`) REFERENCES `NL_USER` (`ID_NL_USER`) ON DELETE CASCADE ON UPDATE CASCADE
) ENGINE=InnoDB AUTO_INCREMENT=18 DEFAULT CHARSET=utf8mb4 COLLATE=utf8mb4_0900_ai_ci;
/*!40101 SET character_set_client = @saved_cs_client */;

--
-- Dumping data for table `NL_LOG`
--

LOCK TABLES `NL_LOG` WRITE;
/*!40000 ALTER TABLE `NL_LOG` DISABLE KEYS */;
INSERT INTO `NL_LOG` VALUES (1,'2023-09-04','09:28:39','172.23.0.1','add','NL_HOUSES',1),(2,'2023-09-04','09:28:55','172.23.0.1','add','NL_HOUSES',1),(3,'2023-09-04','09:30:16','172.23.0.1','edit','NL_PROP_RESALE',1),(4,'2023-09-04','10:09:50','172.18.0.1','add','NL_MATERIAL',1),(5,'2023-09-04','10:10:05','172.18.0.1','add','NL_MATERIAL',1),(6,'2023-09-04','10:11:57','172.18.0.1','edit','NL_PROP_RESALE',1),(7,'2023-09-04','10:13:09','172.18.0.1','edit','NL_PROP_RESALE',1),(8,'2023-09-04','10:13:23','172.18.0.1','edit','NL_PROP_RESALE',1),(9,'2023-09-04','10:21:48','172.18.0.1','add','NL_PROP_RESALE',1),(10,'2023-09-04','10:22:04','172.18.0.1','del','NL_PROP_RESALE',1),(11,'2023-09-04','10:23:28','172.18.0.1','add','NL_PROP_RESALE',1),(12,'2023-09-04','10:24:18','172.18.0.1','del','NL_PROP_RESALE',1),(13,'2023-09-04','10:26:44','172.18.0.1','edit','NL_PROP_RESALE',1),(14,'2023-09-04','10:27:03','172.18.0.1','edit','NL_PROP_RESALE',1),(15,'2023-09-04','10:36:33','172.18.0.1','add','NL_PROP_RESALE',1),(16,'2023-09-04','10:37:01','172.18.0.1','edit','NL_PROP_RESALE',1),(17,'2023-09-04','10:37:22','172.18.0.1','edit','NL_PROP_RESALE',1);
/*!40000 ALTER TABLE `NL_LOG` ENABLE KEYS */;
UNLOCK TABLES;

--
-- Table structure for table `NL_LOG_DETAIL`
--

DROP TABLE IF EXISTS `NL_LOG_DETAIL`;
/*!40101 SET @saved_cs_client     = @@character_set_client */;
/*!50503 SET character_set_client = utf8mb4 */;
CREATE TABLE `NL_LOG_DETAIL` (
  `ID_NL_LOG_DETAIL` int NOT NULL AUTO_INCREMENT,
  `ID_NL_LOG` int NOT NULL,
  `NL_LOG_DETAIL_OLD` varchar(2550) NOT NULL,
  `NL_LOG_DETAIL_NEW` varchar(2550) NOT NULL,
  `NL_LOG_DETAIL_FIELD` varchar(255) NOT NULL,
  PRIMARY KEY (`ID_NL_LOG_DETAIL`) USING BTREE,
  KEY `ID_NL_LOG` (`ID_NL_LOG`) USING BTREE,
  CONSTRAINT `NL_LOG_DETAIL_IBFK_1` FOREIGN KEY (`ID_NL_LOG`) REFERENCES `NL_LOG` (`ID_NL_LOG`) ON DELETE CASCADE ON UPDATE CASCADE
) ENGINE=InnoDB AUTO_INCREMENT=177 DEFAULT CHARSET=utf8mb4 COLLATE=utf8mb4_0900_ai_ci;
/*!40101 SET character_set_client = @saved_cs_client */;

--
-- Dumping data for table `NL_LOG_DETAIL`
--

LOCK TABLES `NL_LOG_DETAIL` WRITE;
/*!40000 ALTER TABLE `NL_LOG_DETAIL` DISABLE KEYS */;
INSERT INTO `NL_LOG_DETAIL` VALUES (1,1,'','3','ID_NL_HOUSES'),(2,1,'','–ö–æ—Ç—Ç–µ–¥–∂','NL_HOUSES_SHORT'),(3,2,'','3','ID_NL_HOUSES'),(4,2,'','–í–∏–ª–ª–∞','NL_HOUSES_SHORT'),(5,3,'3','3','ID_NL_PROP_RESALE'),(6,3,'555.00','555','NL_PROP_RESALE_AREA_FULL'),(7,3,'–†–æ—Å—Å–∏—è, –ö—Ä–∞—Å–Ω–æ–¥–∞—Ä—Å–∫–∏–π –∫—Ä–∞–π, –ê–Ω–∞–ø–∞, –°–æ–≤–µ—Ç—Å–∫–∞—è —É–ª–∏—Ü–∞ ','–†–æ—Å—Å–∏—è, –ö—Ä–∞—Å–Ω–æ–¥–∞—Ä—Å–∫–∏–π –∫—Ä–∞–π, –ê–Ω–∞–ø–∞, –°–æ–≤–µ—Ç—Å–∫–∞—è —É–ª–∏—Ü–∞ ','NL_PROP_RESALE_ADDRESS'),(8,3,'1','1','NL_PROP_RESALE_FLOOR'),(9,3,'1000000','1000000','NL_PROP_RESALE_COST_TOTAL'),(10,3,'','','NL_PROP_RESALE_PHONE_OWNER'),(11,3,'','','ID_NL_VIEW'),(12,3,'1','1','ID_NL_USER'),(13,3,'','5','ID_NL_HOUSES'),(14,3,'+79282601474','+79282601474','NL_PROP_RESALE_PHONE'),(15,3,'[\"/img/prop_resale/PHOTO_URLS_3_191201_024304.jpg\"]','[\"/img/prop_resale/PHOTO_URLS_3_191201_024304.jpg\"]','NL_PROP_RESALE_PHOTO_URLS'),(16,3,'%7B%22ops%22%3A%5B%7B%22insert%22%3A%22%D0%A5%D0%BE%D1%80%D0%BE%D1%88%D0%B0%D1%8F%20%D0%BA%D0%B2%D0%B0%D1%80%D1%82%D0%B8%D1%80%D0%B0%5Cn%22%7D%5D%7D','%7B%22ops%22%3A%5B%7B%22insert%22%3A%22%D0%A5%D0%BE%D1%80%D0%BE%D1%88%D0%B0%D1%8F%20%D0%BA%D0%B2%D0%B0%D1%80%D1%82%D0%B8%D1%80%D0%B0%5Cn%22%7D%5D%7D','NL_PROP_RESALE_DESCRIPTION'),(17,4,'','3','ID_NL_MATERIAL'),(18,4,'','–ö–∏—Ä–ø–∏—á','NL_MATERIAL_SHORT'),(19,5,'','3','ID_NL_MATERIAL'),(20,5,'','–ì–∞–∑–æ–±–µ—Ç–æ–Ω','NL_MATERIAL_SHORT'),(21,6,'3','3','ID_NL_PROP_RESALE'),(22,6,'555.00','555','NL_PROP_RESALE_AREA_FULL'),(23,6,'–†–æ—Å—Å–∏—è, –ö—Ä–∞—Å–Ω–æ–¥–∞—Ä—Å–∫–∏–π –∫—Ä–∞–π, –ê–Ω–∞–ø–∞, –°–æ–≤–µ—Ç—Å–∫–∞—è —É–ª–∏—Ü–∞ ','–†–æ—Å—Å–∏—è, –ö—Ä–∞—Å–Ω–æ–¥–∞—Ä—Å–∫–∏–π –∫—Ä–∞–π, –ê–Ω–∞–ø–∞, –°–æ–≤–µ—Ç—Å–∫–∞—è —É–ª–∏—Ü–∞ ','NL_PROP_RESALE_ADDRESS'),(24,6,'1','1','NL_PROP_RESALE_FLOOR'),(25,6,'1000000','1000000','NL_PROP_RESALE_COST_TOTAL'),(26,6,'','','NL_PROP_RESALE_PHONE_OWNER'),(27,6,'','','ID_NL_VIEW'),(28,6,'1','1','ID_NL_USER'),(29,6,'5','5','ID_NL_HOUSES'),(30,6,'','3','ID_NL_MATERIAL'),(31,6,'+79282601474','+79282601474','NL_PROP_RESALE_PHONE'),(32,6,'[\"/img/prop_resale/PHOTO_URLS_3_191201_024304.jpg\"]','[\"/img/prop_resale/PHOTO_URLS_3_191201_024304.jpg\"]','NL_PROP_RESALE_PHOTO_URLS'),(33,6,'%7B%22ops%22%3A%5B%7B%22insert%22%3A%22%D0%A5%D0%BE%D1%80%D0%BE%D1%88%D0%B0%D1%8F%20%D0%BA%D0%B2%D0%B0%D1%80%D1%82%D0%B8%D1%80%D0%B0%5Cn%22%7D%5D%7D','%7B%22ops%22%3A%5B%7B%22insert%22%3A%22%D0%A5%D0%BE%D1%80%D0%BE%D1%88%D0%B0%D1%8F%20%D0%BA%D0%B2%D0%B0%D1%80%D1%82%D0%B8%D1%80%D0%B0%5Cn%22%7D%5D%7D','NL_PROP_RESALE_DESCRIPTION'),(34,7,'3','3','ID_NL_PROP_RESALE'),(35,7,'555.00','555','NL_PROP_RESALE_AREA_FULL'),(36,7,'–†–æ—Å—Å–∏—è, –ö—Ä–∞—Å–Ω–æ–¥–∞—Ä—Å–∫–∏–π –∫—Ä–∞–π, –ê–Ω–∞–ø–∞, –°–æ–≤–µ—Ç—Å–∫–∞—è —É–ª–∏—Ü–∞ ','–†–æ—Å—Å–∏—è, –ö—Ä–∞—Å–Ω–æ–¥–∞—Ä—Å–∫–∏–π –∫—Ä–∞–π, –ê–Ω–∞–ø–∞, –°–æ–≤–µ—Ç—Å–∫–∞—è —É–ª–∏—Ü–∞ ','NL_PROP_RESALE_ADDRESS'),(37,7,'1','1','NL_PROP_RESALE_FLOOR'),(38,7,'1000000','1000000','NL_PROP_RESALE_COST_TOTAL'),(39,7,'','','NL_PROP_RESALE_PHONE_OWNER'),(40,7,'','','ID_NL_VIEW'),(41,7,'1','1','ID_NL_USER'),(42,7,'5','5','ID_NL_HOUSES'),(43,7,'3','4','ID_NL_MATERIAL'),(44,7,'+79282601474','+79282601474','NL_PROP_RESALE_PHONE'),(45,7,'[\"/img/prop_resale/PHOTO_URLS_3_191201_024304.jpg\"]','[\"/img/prop_resale/PHOTO_URLS_3_191201_024304.jpg\"]','NL_PROP_RESALE_PHOTO_URLS'),(46,7,'%7B%22ops%22%3A%5B%7B%22insert%22%3A%22%D0%A5%D0%BE%D1%80%D0%BE%D1%88%D0%B0%D1%8F%20%D0%BA%D0%B2%D0%B0%D1%80%D1%82%D0%B8%D1%80%D0%B0%5Cn%22%7D%5D%7D','%7B%22ops%22%3A%5B%7B%22insert%22%3A%22%D0%A5%D0%BE%D1%80%D0%BE%D1%88%D0%B0%D1%8F%20%D0%BA%D0%B2%D0%B0%D1%80%D1%82%D0%B8%D1%80%D0%B0%5Cn%22%7D%5D%7D','NL_PROP_RESALE_DESCRIPTION'),(47,8,'3','3','ID_NL_PROP_RESALE'),(48,8,'555.00','555','NL_PROP_RESALE_AREA_FULL'),(49,8,'–†–æ—Å—Å–∏—è, –ö—Ä–∞—Å–Ω–æ–¥–∞—Ä—Å–∫–∏–π –∫—Ä–∞–π, –ê–Ω–∞–ø–∞, –°–æ–≤–µ—Ç—Å–∫–∞—è —É–ª–∏—Ü–∞ ','–†–æ—Å—Å–∏—è, –ö—Ä–∞—Å–Ω–æ–¥–∞—Ä—Å–∫–∏–π –∫—Ä–∞–π, –ê–Ω–∞–ø–∞, –°–æ–≤–µ—Ç—Å–∫–∞—è —É–ª–∏—Ü–∞ ','NL_PROP_RESALE_ADDRESS'),(50,8,'1','1','NL_PROP_RESALE_FLOOR'),(51,8,'1000000','1000000','NL_PROP_RESALE_COST_TOTAL'),(52,8,'','','NL_PROP_RESALE_PHONE_OWNER'),(53,8,'','','ID_NL_VIEW'),(54,8,'1','1','ID_NL_USER'),(55,8,'5','5','ID_NL_HOUSES'),(56,8,'4','3','ID_NL_MATERIAL'),(57,8,'+79282601474','+79282601474','NL_PROP_RESALE_PHONE'),(58,8,'[\"/img/prop_resale/PHOTO_URLS_3_191201_024304.jpg\"]','[\"/img/prop_resale/PHOTO_URLS_3_191201_024304.jpg\"]','NL_PROP_RESALE_PHOTO_URLS'),(59,8,'%7B%22ops%22%3A%5B%7B%22insert%22%3A%22%D0%A5%D0%BE%D1%80%D0%BE%D1%88%D0%B0%D1%8F%20%D0%BA%D0%B2%D0%B0%D1%80%D1%82%D0%B8%D1%80%D0%B0%5Cn%22%7D%5D%7D','%7B%22ops%22%3A%5B%7B%22insert%22%3A%22%D0%A5%D0%BE%D1%80%D0%BE%D1%88%D0%B0%D1%8F%20%D0%BA%D0%B2%D0%B0%D1%80%D1%82%D0%B8%D1%80%D0%B0%5Cn%22%7D%5D%7D','NL_PROP_RESALE_DESCRIPTION'),(60,9,'','5','ID_NL_PROP_RESALE'),(61,9,'','55','NL_PROP_RESALE_AREA_FULL'),(62,9,'','','NL_PROP_RESALE_ADDRESS'),(63,9,'','','NL_PROP_RESALE_FLOOR'),(64,9,'','','NL_PROP_RESALE_COST_TOTAL'),(65,9,'','','NL_PROP_RESALE_PHONE_OWNER'),(66,9,'','','ID_NL_VIEW'),(67,9,'','1','ID_NL_USER'),(68,9,'','','ID_NL_HOUSES'),(69,9,'','','ID_NL_MATERIAL'),(70,9,'','+79282601474','NL_PROP_RESALE_PHONE'),(71,9,'','','NL_PROP_RESALE_PHOTO_URLS'),(72,9,'','%7B%22ops%22%3A%5B%7B%22insert%22%3A%22%5Cn%22%7D%5D%7D','NL_PROP_RESALE_DESCRIPTION'),(73,10,'5','','ID_NL_PROP_RESALE'),(74,10,'55.00','','NL_PROP_RESALE_AREA_FULL'),(75,10,'','','NL_PROP_RESALE_ADDRESS'),(76,10,'','','NL_PROP_RESALE_FLOOR'),(77,10,'','','NL_PROP_RESALE_COST_TOTAL'),(78,10,'','','NL_PROP_RESALE_PHONE_OWNER'),(79,10,'','','ID_NL_VIEW'),(80,10,'1','','ID_NL_USER'),(81,10,'','','ID_NL_HOUSES'),(82,10,'','','ID_NL_MATERIAL'),(83,10,'+79282601474','','NL_PROP_RESALE_PHONE'),(84,10,'','','NL_PROP_RESALE_PHOTO_URLS'),(85,10,'%7B%22ops%22%3A%5B%7B%22insert%22%3A%22%5Cn%22%7D%5D%7D','','NL_PROP_RESALE_DESCRIPTION'),(86,11,'','5','ID_NL_PROP_RESALE'),(87,11,'','555','NL_PROP_RESALE_AREA_FULL'),(88,11,'','','NL_PROP_RESALE_ADDRESS'),(89,11,'','5','NL_PROP_RESALE_FLOOR'),(90,11,'','5','NL_PROP_RESALE_COST_TOTAL'),(91,11,'','—Ñ—ã–≤','NL_PROP_RESALE_PHONE_OWNER'),(92,11,'','1','ID_NL_VIEW'),(93,11,'','1','ID_NL_USER'),(94,11,'','4','ID_NL_HOUSES'),(95,11,'','3','ID_NL_MATERIAL'),(96,11,'','+79282601474','NL_PROP_RESALE_PHONE'),(97,11,'','[\"/img/prop_resale/PHOTO_URLS_5_230904_102311.jpeg\"]','NL_PROP_RESALE_PHOTO_URLS'),(98,11,'','%7B%22ops%22%3A%5B%7B%22insert%22%3A%22%D1%84%D0%B2%D1%8B%D0%B0%5Cn%22%7D%5D%7D','NL_PROP_RESALE_DESCRIPTION'),(99,12,'5','','ID_NL_PROP_RESALE'),(100,12,'555.00','','NL_PROP_RESALE_AREA_FULL'),(101,12,'','','NL_PROP_RESALE_ADDRESS'),(102,12,'5','','NL_PROP_RESALE_FLOOR'),(103,12,'5','','NL_PROP_RESALE_COST_TOTAL'),(104,12,'—Ñ—ã–≤','','NL_PROP_RESALE_PHONE_OWNER'),(105,12,'1','','ID_NL_VIEW'),(106,12,'1','','ID_NL_USER'),(107,12,'4','','ID_NL_HOUSES'),(108,12,'3','','ID_NL_MATERIAL'),(109,12,'+79282601474','','NL_PROP_RESALE_PHONE'),(110,12,'[\"/img/prop_resale/PHOTO_URLS_5_230904_102311.jpeg\"]','','NL_PROP_RESALE_PHOTO_URLS'),(111,12,'%7B%22ops%22%3A%5B%7B%22insert%22%3A%22%D1%84%D0%B2%D1%8B%D0%B0%5Cn%22%7D%5D%7D','','NL_PROP_RESALE_DESCRIPTION'),(112,13,'3','3','ID_NL_PROP_RESALE'),(113,13,'555.00','555','NL_PROP_RESALE_AREA_FULL'),(114,13,'–†–æ—Å—Å–∏—è, –ö—Ä–∞—Å–Ω–æ–¥–∞—Ä—Å–∫–∏–π –∫—Ä–∞–π, –ê–Ω–∞–ø–∞, –°–æ–≤–µ—Ç—Å–∫–∞—è —É–ª–∏—Ü–∞ ','–†–æ—Å—Å–∏—è, –ö—Ä–∞—Å–Ω–æ–¥–∞—Ä—Å–∫–∏–π –∫—Ä–∞–π, –ê–Ω–∞–ø–∞, –°–æ–≤–µ—Ç—Å–∫–∞—è —É–ª–∏—Ü–∞ ','NL_PROP_RESALE_ADDRESS'),(115,13,'1','1','NL_PROP_RESALE_FLOOR'),(116,13,'1000000','1000000','NL_PROP_RESALE_COST_TOTAL'),(117,13,'','','NL_PROP_RESALE_PHONE_OWNER'),(118,13,'','1','ID_NL_VIEW'),(119,13,'1','1','ID_NL_USER'),(120,13,'5','5','ID_NL_HOUSES'),(121,13,'3','3','ID_NL_MATERIAL'),(122,13,'+79282601474','+79282601474','NL_PROP_RESALE_PHONE'),(123,13,'[\"/img/prop_resale/PHOTO_URLS_3_191201_024304.jpg\"]','[\"/img/prop_resale/PHOTO_URLS_3_191201_024304.jpg\"]','NL_PROP_RESALE_PHOTO_URLS'),(124,13,'%7B%22ops%22%3A%5B%7B%22insert%22%3A%22%D0%A5%D0%BE%D1%80%D0%BE%D1%88%D0%B0%D1%8F%20%D0%BA%D0%B2%D0%B0%D1%80%D1%82%D0%B8%D1%80%D0%B0%5Cn%22%7D%5D%7D','%7B%22ops%22%3A%5B%7B%22insert%22%3A%22%D0%A5%D0%BE%D1%80%D0%BE%D1%88%D0%B0%D1%8F%20%D0%BA%D0%B2%D0%B0%D1%80%D1%82%D0%B8%D1%80%D0%B0%5Cn%22%7D%5D%7D','NL_PROP_RESALE_DESCRIPTION'),(125,14,'3','3','ID_NL_PROP_RESALE'),(126,14,'555.00','555','NL_PROP_RESALE_AREA_FULL'),(127,14,'–†–æ—Å—Å–∏—è, –ö—Ä–∞—Å–Ω–æ–¥–∞—Ä—Å–∫–∏–π –∫—Ä–∞–π, –ê–Ω–∞–ø–∞, –°–æ–≤–µ—Ç—Å–∫–∞—è —É–ª–∏—Ü–∞ ','–†–æ—Å—Å–∏—è, –ö—Ä–∞—Å–Ω–æ–¥–∞—Ä—Å–∫–∏–π –∫—Ä–∞–π, –ê–Ω–∞–ø–∞, –°–æ–≤–µ—Ç—Å–∫–∞—è —É–ª–∏—Ü–∞ ','NL_PROP_RESALE_ADDRESS'),(128,14,'1','1','NL_PROP_RESALE_FLOOR'),(129,14,'1000000','1000000','NL_PROP_RESALE_COST_TOTAL'),(130,14,'','','NL_PROP_RESALE_PHONE_OWNER'),(131,14,'1','','ID_NL_VIEW'),(132,14,'1','1','ID_NL_USER'),(133,14,'5','5','ID_NL_HOUSES'),(134,14,'3','3','ID_NL_MATERIAL'),(135,14,'+79282601474','+79282601474','NL_PROP_RESALE_PHONE'),(136,14,'[\"/img/prop_resale/PHOTO_URLS_3_191201_024304.jpg\"]','[\"/img/prop_resale/PHOTO_URLS_3_191201_024304.jpg\"]','NL_PROP_RESALE_PHOTO_URLS'),(137,14,'%7B%22ops%22%3A%5B%7B%22insert%22%3A%22%D0%A5%D0%BE%D1%80%D0%BE%D1%88%D0%B0%D1%8F%20%D0%BA%D0%B2%D0%B0%D1%80%D1%82%D0%B8%D1%80%D0%B0%5Cn%22%7D%5D%7D','%7B%22ops%22%3A%5B%7B%22insert%22%3A%22%D0%A5%D0%BE%D1%80%D0%BE%D1%88%D0%B0%D1%8F%20%D0%BA%D0%B2%D0%B0%D1%80%D1%82%D0%B8%D1%80%D0%B0%5Cn%22%7D%5D%7D','NL_PROP_RESALE_DESCRIPTION'),(138,15,'','5','ID_NL_PROP_RESALE'),(139,15,'','777','NL_PROP_RESALE_AREA_FULL'),(140,15,'','–≥. –°–æ—á–∏ —É–ª. –õ–µ–Ω–∏–Ω–∞','NL_PROP_RESALE_ADDRESS'),(141,15,'','22','NL_PROP_RESALE_FLOOR'),(142,15,'','22000000','NL_PROP_RESALE_COST_TOTAL'),(143,15,'','','NL_PROP_RESALE_PHONE_OWNER'),(144,15,'','1','ID_NL_VIEW'),(145,15,'','1','ID_NL_USER'),(146,15,'','5','ID_NL_HOUSES'),(147,15,'','5','ID_NL_MATERIAL'),(148,15,'','+79999999999','NL_PROP_RESALE_PHONE'),(149,15,'','[\"/img/prop_resale/PHOTO_URLS_5_230904_103605.jpg\"]','NL_PROP_RESALE_PHOTO_URLS'),(150,15,'','%7B%22ops%22%3A%5B%7B%22insert%22%3A%22%D0%9E%D1%82%D0%BB%D0%B8%D1%87%D0%BD%D1%8B%D0%B9%20%D0%BE%D1%81%D0%BE%D0%B1%D0%BD%D1%8F%D0%BA%5Cn%22%7D%5D%7D','NL_PROP_RESALE_DESCRIPTION'),(151,16,'3','3','ID_NL_PROP_RESALE'),(152,16,'555.00','555','NL_PROP_RESALE_AREA_FULL'),(153,16,'–†–æ—Å—Å–∏—è, –ö—Ä–∞—Å–Ω–æ–¥–∞—Ä—Å–∫–∏–π –∫—Ä–∞–π, –ê–Ω–∞–ø–∞, –°–æ–≤–µ—Ç—Å–∫–∞—è —É–ª–∏—Ü–∞ ','–†–æ—Å—Å–∏—è, –ö—Ä–∞—Å–Ω–æ–¥–∞—Ä—Å–∫–∏–π –∫—Ä–∞–π, –ê–Ω–∞–ø–∞, –°–æ–≤–µ—Ç—Å–∫–∞—è —É–ª–∏—Ü–∞ ','NL_PROP_RESALE_ADDRESS'),(154,16,'1','1','NL_PROP_RESALE_FLOOR'),(155,16,'1000000','1000000','NL_PROP_RESALE_COST_TOTAL'),(156,16,'','','NL_PROP_RESALE_PHONE_OWNER'),(157,16,'','','ID_NL_VIEW'),(158,16,'1','1','ID_NL_USER'),(159,16,'5','4','ID_NL_HOUSES'),(160,16,'3','3','ID_NL_MATERIAL'),(161,16,'+79282601474','+79282601474','NL_PROP_RESALE_PHONE'),(162,16,'[\"/img/prop_resale/PHOTO_URLS_3_191201_024304.jpg\"]','[\"/img/prop_resale/PHOTO_URLS_3_191201_024304.jpg\"]','NL_PROP_RESALE_PHOTO_URLS'),(163,16,'%7B%22ops%22%3A%5B%7B%22insert%22%3A%22%D0%A5%D0%BE%D1%80%D0%BE%D1%88%D0%B0%D1%8F%20%D0%BA%D0%B2%D0%B0%D1%80%D1%82%D0%B8%D1%80%D0%B0%5Cn%22%7D%5D%7D','%7B%22ops%22%3A%5B%7B%22insert%22%3A%22%D0%A5%D0%BE%D1%80%D0%BE%D1%88%D0%B0%D1%8F%20%D0%BA%D0%B2%D0%B0%D1%80%D1%82%D0%B8%D1%80%D0%B0%5Cn%22%7D%5D%7D','NL_PROP_RESALE_DESCRIPTION'),(164,17,'3','3','ID_NL_PROP_RESALE'),(165,17,'555.00','555','NL_PROP_RESALE_AREA_FULL'),(166,17,'–†–æ—Å—Å–∏—è, –ö—Ä–∞—Å–Ω–æ–¥–∞—Ä—Å–∫–∏–π –∫—Ä–∞–π, –ê–Ω–∞–ø–∞, –°–æ–≤–µ—Ç—Å–∫–∞—è —É–ª–∏—Ü–∞ ','–†–æ—Å—Å–∏—è, –ö—Ä–∞—Å–Ω–æ–¥–∞—Ä—Å–∫–∏–π –∫—Ä–∞–π, –ê–Ω–∞–ø–∞, –°–æ–≤–µ—Ç—Å–∫–∞—è —É–ª–∏—Ü–∞ ','NL_PROP_RESALE_ADDRESS'),(167,17,'1','1','NL_PROP_RESALE_FLOOR'),(168,17,'1000000','1000000','NL_PROP_RESALE_COST_TOTAL'),(169,17,'','','NL_PROP_RESALE_PHONE_OWNER'),(170,17,'','2','ID_NL_VIEW'),(171,17,'1','1','ID_NL_USER'),(172,17,'4','4','ID_NL_HOUSES'),(173,17,'3','3','ID_NL_MATERIAL'),(174,17,'+79282601474','+79282601474','NL_PROP_RESALE_PHONE'),(175,17,'[\"/img/prop_resale/PHOTO_URLS_3_191201_024304.jpg\"]','[\"/img/prop_resale/PHOTO_URLS_3_191201_024304.jpg\"]','NL_PROP_RESALE_PHOTO_URLS'),(176,17,'%7B%22ops%22%3A%5B%7B%22insert%22%3A%22%D0%A5%D0%BE%D1%80%D0%BE%D1%88%D0%B0%D1%8F%20%D0%BA%D0%B2%D0%B0%D1%80%D1%82%D0%B8%D1%80%D0%B0%5Cn%22%7D%5D%7D','%7B%22ops%22%3A%5B%7B%22insert%22%3A%22%D0%A5%D0%BE%D1%80%D0%BE%D1%88%D0%B0%D1%8F%20%D0%BA%D0%B2%D0%B0%D1%80%D1%82%D0%B8%D1%80%D0%B0%5Cn%22%7D%5D%7D','NL_PROP_RESALE_DESCRIPTION');
/*!40000 ALTER TABLE `NL_LOG_DETAIL` ENABLE KEYS */;
UNLOCK TABLES;

--
-- Table structure for table `NL_MATERIAL`
--

DROP TABLE IF EXISTS `NL_MATERIAL`;
/*!40101 SET @saved_cs_client     = @@character_set_client */;
/*!50503 SET character_set_client = utf8mb4 */;
CREATE TABLE `NL_MATERIAL` (
  `ID_NL_MATERIAL` int NOT NULL AUTO_INCREMENT,
  `NL_MATERIAL_SHORT` varchar(25) NOT NULL,
  PRIMARY KEY (`ID_NL_MATERIAL`) USING BTREE
) ENGINE=InnoDB AUTO_INCREMENT=6 DEFAULT CHARSET=utf8mb4 COLLATE=utf8mb4_0900_ai_ci;
/*!40101 SET character_set_client = @saved_cs_client */;

--
-- Dumping data for table `NL_MATERIAL`
--

LOCK TABLES `NL_MATERIAL` WRITE;
/*!40000 ALTER TABLE `NL_MATERIAL` DISABLE KEYS */;
INSERT INTO `NL_MATERIAL` VALUES (3,'–ö–∏—Ä–ø–∏—á'),(4,'–ì–∞–∑–æ–±–µ—Ç–æ–Ω'),(5,'–î–µ—Ä–µ–≤–æ');
/*!40000 ALTER TABLE `NL_MATERIAL` ENABLE KEYS */;
UNLOCK TABLES;

--
-- Table structure for table `NL_PROP_RESALE`
--

DROP TABLE IF EXISTS `NL_PROP_RESALE`;
/*!40101 SET @saved_cs_client     = @@character_set_client */;
/*!50503 SET character_set_client = utf8mb4 */;
CREATE TABLE `NL_PROP_RESALE` (
  `ID_NL_PROP_RESALE` int NOT NULL AUTO_INCREMENT,
  `ID_NL_VIEW` int DEFAULT NULL,
  `NL_PROP_RESALE_FLOOR` varchar(25) DEFAULT NULL,
  `NL_PROP_RESALE_AREA_FULL` decimal(6,2) NOT NULL,
  `NL_PROP_RESALE_PHOTO_URLS` varchar(5100) DEFAULT NULL,
  `NL_PROP_RESALE_COST_TOTAL` int DEFAULT NULL,
  `NL_PROP_RESALE_ADDRESS` varchar(2550) DEFAULT NULL,
  `NL_PROP_RESALE_DESCRIPTION` varchar(5100) DEFAULT NULL,
  `ID_NL_USER` int DEFAULT NULL,
  `NL_PROP_RESALE_PHONE` varchar(50) DEFAULT NULL,
  `NL_PROP_RESALE_PHONE_OWNER` varchar(255) DEFAULT NULL,
  `NL_PROP_RESALE_DATE_INSERT` timestamp NOT NULL DEFAULT CURRENT_TIMESTAMP,
  `NL_PROP_RESALE_DATE_UPDATE` timestamp NOT NULL DEFAULT CURRENT_TIMESTAMP ON UPDATE CURRENT_TIMESTAMP,
  `ID_NL_HOUSES` int DEFAULT NULL,
  `ID_NL_MATERIAL` int DEFAULT NULL,
  PRIMARY KEY (`ID_NL_PROP_RESALE`) USING BTREE,
  KEY `ID_NL_VIEW` (`ID_NL_VIEW`) USING BTREE,
  KEY `ID_NL_HOUSES` (`ID_NL_HOUSES`) USING BTREE,
  KEY `ID_NL_MATERIAL` (`ID_NL_MATERIAL`) USING BTREE,
  CONSTRAINT `nl_prop_resale_ibfk_1` FOREIGN KEY (`ID_NL_VIEW`) REFERENCES `NL_VIEW` (`ID_NL_VIEW`) ON DELETE RESTRICT ON UPDATE RESTRICT,
  CONSTRAINT `nl_prop_resale_ibfk_2` FOREIGN KEY (`ID_NL_HOUSES`) REFERENCES `NL_HOUSES` (`ID_NL_HOUSES`) ON DELETE RESTRICT ON UPDATE RESTRICT,
  CONSTRAINT `nl_prop_resale_ibfk_3` FOREIGN KEY (`ID_NL_MATERIAL`) REFERENCES `NL_MATERIAL` (`ID_NL_MATERIAL`) ON DELETE RESTRICT ON UPDATE RESTRICT
) ENGINE=InnoDB AUTO_INCREMENT=6 DEFAULT CHARSET=utf8mb4 COLLATE=utf8mb4_0900_ai_ci;
/*!40101 SET character_set_client = @saved_cs_client */;

--
-- Dumping data for table `NL_PROP_RESALE`
--

LOCK TABLES `NL_PROP_RESALE` WRITE;
/*!40000 ALTER TABLE `NL_PROP_RESALE` DISABLE KEYS */;
INSERT INTO `NL_PROP_RESALE` VALUES (3,2,'1',555.00,'[\"/img/prop_resale/PHOTO_URLS_3_191201_024304.jpg\"]',1000000,'–†–æ—Å—Å–∏—è, –ö—Ä–∞—Å–Ω–æ–¥–∞—Ä—Å–∫–∏–π –∫—Ä–∞–π, –ê–Ω–∞–ø–∞, –°–æ–≤–µ—Ç—Å–∫–∞—è —É–ª–∏—Ü–∞ ','%7B%22ops%22%3A%5B%7B%22insert%22%3A%22%D0%A5%D0%BE%D1%80%D0%BE%D1%88%D0%B0%D1%8F%20%D0%BA%D0%B2%D0%B0%D1%80%D1%82%D0%B8%D1%80%D0%B0%5Cn%22%7D%5D%7D',1,'+79282601474',NULL,'2019-12-01 11:44:02','2023-09-04 07:37:22',4,3),(5,1,'22',777.00,'[\"/img/prop_resale/PHOTO_URLS_5_230904_103605.jpg\"]',22000000,'–≥. –°–æ—á–∏ —É–ª. –õ–µ–Ω–∏–Ω–∞','%7B%22ops%22%3A%5B%7B%22insert%22%3A%22%D0%9E%D1%82%D0%BB%D0%B8%D1%87%D0%BD%D1%8B%D0%B9%20%D0%BE%D1%81%D0%BE%D0%B1%D0%BD%D1%8F%D0%BA%5Cn%22%7D%5D%7D',1,'+79999999999',NULL,'2023-09-04 07:36:33','2023-09-04 07:36:33',5,5);
/*!40000 ALTER TABLE `NL_PROP_RESALE` ENABLE KEYS */;
UNLOCK TABLES;

--
-- Table structure for table `NL_USER`
--

DROP TABLE IF EXISTS `NL_USER`;
/*!40101 SET @saved_cs_client     = @@character_set_client */;
/*!50503 SET character_set_client = utf8mb4 */;
CREATE TABLE `NL_USER` (
  `ID_NL_USER` int NOT NULL AUTO_INCREMENT,
  `ID_NL_USER_PERMISSION` int NOT NULL,
  `NL_USER_LOGIN` varchar(50) NOT NULL,
  `NL_USER_PASSWORD` blob NOT NULL,
  `NL_USER_SHORT` varchar(25) NOT NULL,
  `NL_USER_FULL` varchar(2550) NOT NULL,
  `NL_USER_PHONE` varchar(50) DEFAULT NULL,
  PRIMARY KEY (`ID_NL_USER`) USING BTREE,
  KEY `ID_NL_USER_PERMISSION` (`ID_NL_USER_PERMISSION`) USING BTREE,
  CONSTRAINT `NL_USER_IBFK_1` FOREIGN KEY (`ID_NL_USER_PERMISSION`) REFERENCES `NL_USER_PERMISSION` (`ID_NL_USER_PERMISSION`) ON DELETE CASCADE ON UPDATE CASCADE
) ENGINE=InnoDB AUTO_INCREMENT=3 DEFAULT CHARSET=utf8mb4 COLLATE=utf8mb4_0900_ai_ci;
/*!40101 SET character_set_client = @saved_cs_client */;

--
-- Dumping data for table `NL_USER`
--

LOCK TABLES `NL_USER` WRITE;
/*!40000 ALTER TABLE `NL_USER` DISABLE KEYS */;
INSERT INTO `NL_USER` VALUES (1,2,'admin',_binary '∞p\˜rìÑ*ày≥\À√ªy','–ê–¥–º–∏–Ω–∏—Å—Ç—Ä–∞—Ç–æ—Ä','–ê–¥–º–∏–Ω–∏—Å—Ç—Ä–∞—Ç–æ—Ä','+79282601474');
/*!40000 ALTER TABLE `NL_USER` ENABLE KEYS */;
UNLOCK TABLES;

--
-- Table structure for table `NL_USER_PERMISSION`
--

DROP TABLE IF EXISTS `NL_USER_PERMISSION`;
/*!40101 SET @saved_cs_client     = @@character_set_client */;
/*!50503 SET character_set_client = utf8mb4 */;
CREATE TABLE `NL_USER_PERMISSION` (
  `ID_NL_USER_PERMISSION` int NOT NULL AUTO_INCREMENT,
  `NL_USER_PERMISSION_SHORT` varchar(25) NOT NULL,
  `NL_USER_PERMISSION_FULL` varchar(255) NOT NULL,
  PRIMARY KEY (`ID_NL_USER_PERMISSION`) USING BTREE
) ENGINE=InnoDB AUTO_INCREMENT=4 DEFAULT CHARSET=utf8mb4 COLLATE=utf8mb4_0900_ai_ci;
/*!40101 SET character_set_client = @saved_cs_client */;

--
-- Dumping data for table `NL_USER_PERMISSION`
--

LOCK TABLES `NL_USER_PERMISSION` WRITE;
/*!40000 ALTER TABLE `NL_USER_PERMISSION` DISABLE KEYS */;
INSERT INTO `NL_USER_PERMISSION` VALUES (1,'–ü–æ–ª—å–∑–æ–≤–∞—Ç–µ–ª—å','–ü–æ–ª—å–∑–æ–≤–∞—Ç–µ–ª—å'),(2,'–ê–¥–º–∏–Ω–∏—Å—Ç—Ä–∞—Ç–æ—Ä','–ê–¥–º–∏–Ω–∏—Å—Ç—Ä–∞—Ç–æ—Ä'),(3,'–ì–æ—Å—Ç—å','–ì–æ—Å—Ç—å');
/*!40000 ALTER TABLE `NL_USER_PERMISSION` ENABLE KEYS */;
UNLOCK TABLES;

--
-- Table structure for table `NL_VIEW`
--

DROP TABLE IF EXISTS `NL_VIEW`;
/*!40101 SET @saved_cs_client     = @@character_set_client */;
/*!50503 SET character_set_client = utf8mb4 */;
CREATE TABLE `NL_VIEW` (
  `ID_NL_VIEW` int NOT NULL AUTO_INCREMENT,
  `NL_VIEW_SHORT` varchar(25) NOT NULL,
  PRIMARY KEY (`ID_NL_VIEW`) USING BTREE
) ENGINE=InnoDB AUTO_INCREMENT=3 DEFAULT CHARSET=utf8mb4 COLLATE=utf8mb4_0900_ai_ci;
/*!40101 SET character_set_client = @saved_cs_client */;

--
-- Dumping data for table `NL_VIEW`
--

LOCK TABLES `NL_VIEW` WRITE;
/*!40000 ALTER TABLE `NL_VIEW` DISABLE KEYS */;
INSERT INTO `NL_VIEW` VALUES (1,'–ù–∞ –º–æ—Ä–µ'),(2,'–í –≥–æ—Ä–æ–¥');
/*!40000 ALTER TABLE `NL_VIEW` ENABLE KEYS */;
UNLOCK TABLES;
/*!40103 SET TIME_ZONE=@OLD_TIME_ZONE */;

/*!40101 SET SQL_MODE=@OLD_SQL_MODE */;
/*!40014 SET FOREIGN_KEY_CHECKS=@OLD_FOREIGN_KEY_CHECKS */;
/*!40014 SET UNIQUE_CHECKS=@OLD_UNIQUE_CHECKS */;
/*!40101 SET CHARACTER_SET_CLIENT=@OLD_CHARACTER_SET_CLIENT */;
/*!40101 SET CHARACTER_SET_RESULTS=@OLD_CHARACTER_SET_RESULTS */;
/*!40101 SET COLLATION_CONNECTION=@OLD_COLLATION_CONNECTION */;
/*!40111 SET SQL_NOTES=@OLD_SQL_NOTES */;

-- Dump completed on 2023-09-04 10:38:48
